userName,content,score
Basten Lamaka,"Kenapa aplikasinya tidak boleh digunakan, setiap kali pengecekan data tidak keluar, sedangkan untuk pegawai samsat aplikasi berfungsi dengan baik. Ada apa ini??? Kenapa masyarakat tidak dapat mengunakan aplikasi ini, hanya pegawai dan orang tertentu saja bisa gunakan aplikasi ini.",1
Benny Koyong,Di intall kok ada itam bulat yg muncul...peway le ini aplikasi bgmna ndk tabuka,1
Vandelivde Runtunuwu,Error trus... Aplikasi tidak berguna,1
ANGEL MEE,TIDAK BISA DIGUNAKAN. APLIKASI RUSAK/GAGAL,1
Mohamad Aswar Mael,"Tolong aplikasinya di perbaiki lagi, soalnya mau cek pajak sdh tidak bisa, bagaimana mau bayar pajak klo gini",1
Acix Pakaya,Apk nya sering error,1
handoko wibowo,Apk sontoloyo,1
Jackzan Charles Muaja,Lebih cepat dan lancar.,5
Yofri Umar,Mencari informasi,5
3-Jul,data tak ada,1
Intan Mokoginta,Makin lama aplikasi tidak akurat.. pajak motor saya batas 31 agustus 2023. Sudah didenda 149ribu rupiah,1
Farmy Mangkey,Eror,1
Andrean Maleru,Seeeerr,4
Wahyu Santoso,Sering gagal cek PKB dan PNBP,1
Berthy R.O. Pesik,"Jadi makin rumit skrg ni apk, pdhal yg lalu2 lebih gampang pke ni apk",1
shay goeltom,gak muncul apa2. nyesal download,1
Hendra Dinar,"dulu sangat mudah menggunakan app ini,saat ini jadi ribet dan sulit,kadang typing gak bisa,bukan makin baik tapi malah jadi buruk setelah berubah tampilan",1
azis 29580,Aplikasi erorrr!!,1
Steyvi Rampengan,Keren ğŸ‘ sangat membantu,5
Violinda Navarro,Bagus skali,1
rsf,Bagus,1
christian bura,"Kok gak jadi aplikasinya,, lebih ke tidak berguna sih...",1
A_B_U Anak Buol U'o,Eror tidak di perbaiki,1
Rendy Mandak,Aplikasi tidak berguna.hanya buang buang waktu,1
Fandy Tumanken,"Gk bisa di akses ,gk muncul",1
Deddy Christian,Bagus deehh,5
Sri Wati,error terus,1
Efendi Tawaang,Aplikasi ini da bagus mau cek pajak da jadi jadi,1
Ipal Kobandaha,Nd bagus,1
Np Np,Nda bisa di gunakan,1
Cherent Pangaila (Keren),"Eror sudah diperbaiki, Mudah, dan Cepat ğŸ‘",4
Glivo Toxi,Mantap,5
Mr Kaka,Gak bisa dipakai aplikasi nya... Beda dengan yang dlu...,1
Irnawati Ente,"Apk sangat membantu tapi, salalu eror trus. Amper tiap hari ba cek slalu eror, mohon pihak developer kase bae tu apk.",1
Willy Sambuaga,"Makin kesini makin tidak jelas, buat apa dibikin ribet",1
Yadi Tampi,Nyesel donload ga ada gunanya,1
Hizkia Pangala,tidak bisa ketik huruf depan dan belakang. device oppo reno 4 android 11,1
Bobby Raupu,Sangat membantu masyarakat yg jauh dari kantor SAMSAT,5
Heru Pratama,Semakin tidak jelas arah apk nya,1
Alfritstekol541 â€œJemmy tekolâ€ Alfritstekol541,"Semua sudah paham, mantap.",5
Risdianto Polii,Semakin parah ni aplikasi,1
Marthen Pangala,"Tidak muncul data yg di butuhkan, perbaiki aplikasinya.",1
Fadli mamangkey,"Yang dulu gampang, malah sekarang dipersulit",1
eka ns,Kalo melakukan pembayaran dr bank lain gmn caranya ya?,2
ronaldo lengkong,nd bisa mo ketik,1
Frides Wanto,Sangat membantu,5
george best,eror gk bisa isi no platnya,1
Heri S,aplikasi tdk bs mmasukan data kendaraan..,1
Tito Sumitro,Sangat baik,5
Rizandy Ngongoloy,apk ka cobaan??? mo cek plat nomor saja nimbole,1
rivaldo makahinda,aplikasi tidak bisa di gunakan untuk memasukan no plat kendaraan.,1
Erick Patonaung,Ok,5
Bayu Aditya Laima,"Aplikasi akhir"" ini sering error,gak bisa untuk pengecekan pajak,mohon di perbaiki.tq",2
Rangga Boro,Mantap,5
Albert Sasindo,Yang lalu2 aplikasi ini sangat membantu tapi skrg knp tdk bisa di buka yaaa..?? Maaf ya saya kasih bintang 3..ğŸ™,3
Rocky Roben,Lebih bagus versi yg laluÂ²,2
ifan lumape,Fake app,1
Christian Rondonuwu,"Aplikasinya kok errol sih,tolong di perbaiki secepatnya, lebih baik versi lama cepat dan simple, kalau ini malah lebih repot",4
Aldo Sisca,â­ï¸â­ï¸â­ï¸â­ï¸â­ï¸,5
Firmansyach Taufik,Skarang tdk bisa dibuka,3
Arie 'Nts,bagus,5
Kurniawan Prasetyo,"Sekarang udah ribet mau cek pajak gak muncul muncul, mau cek panduan gak muncul juga tulisan nya, tolong diperbaiki sistem nya yg jelas",1
Angga Anggara,Aplikasi error,1
Arjan Zigzag,Aplikasi nd jelas soe,1
Maikel Korompis,"Sangat membantu,,, dari mulai bayar di Bank sampai menerima notice pajak,, hanya memerlukan durasi 10 mnit,, 1 menit antrian bayar d BANK, 8 mnit antrian untuk mendapatkan Tanda Bukti Pelunasan Pajak,,",5
kalengkongan oddy,Cepat dan tepat,5
Audy Lumintang1978,Sangat membantu,5
hartostenly lohonauman,Tdk bisa install,5
Nuriati Kadir,Sangat baik,5
Anto AutoVille,"Knpa ini nda jadi kl pas cek data,hanya eror",1
yongki haruna,Mantap,5
Tome Tome,RibetğŸ¤¦ğŸ¤¦,2
Stevie Jo,Sering error,4
sonny kapoh,Terbalik,5
CRUSADER Gaming,Sudah di download. Pas cek informasi PKBdan PNBP layar blank. Aneh.,1
Ric___ 07,cuma sampe di ba ketik nomor..kasiang jo ni apk..RIP,1
Chandra Tangkilisan,"Makin ribet,, kode bayar jga tdk ada krn wajib daftar online kendaraanğŸ‘ğŸ‘ğŸ‘",1
Biell,Bagus .cepat dan tepat,5
Chrisli Rapar,Setelah di update malah nambah aneh,1
Edwin Moniaga,Sangat membantu,4
Esaf Losikon,Sya ingin cek pajak,5
Apriliani Rasjidi,"Selalu close otomatis belum masuk ke fitur apk di dalam force close, sebelum di update bagus bagus saja serta sudah di update ke tim salut malah ribet gak se simpel lalu",1
Charlie Lohonauman,Aplikasi force close mulu mending gk ush di update bos udah tambah ribet apk juga force close hadeh,1
Petro Maurits,okk,5
John bohang,"Bagus sangat membantu,bayar pajak mandiri /online bisa dari rmh,",5
David Kevin,"Ini aplikasi so bagus.. . Pertahankan nehğŸ‘ jadi lebe gampang babayar.. enda perlu lei babayar di kantor samsat.. pengalaman babayar kwa di kantor dong minta ini minta itu, jadi malas kalo mo babayar pajak di kantor.. kalo ini so enda, so terterah mo bayar berapa.. pas bayar di bank lei cuman tatambah biaya admin Rp5.000,- , tinggal mo cetak itu SKPD fisik deng pengesahan..ğŸ˜‡ Note: kalo bagini somo rajin bayar pajakğŸ˜",5
Rizky herdiansyah,APK TIDAK BERMANFAAT SAMA SEKALI,1
Ering Dolfie,ğŸ‘ğŸ™,5
Allan Ricky Unsulangi,good,5
Evid Lumingkewas,sebelum update cek masi bisa ini kita pe data kendaran tidak terdaftar...,1
Ando Lintong,"Update aplikasi for beking lebe bagus, bukang beking lebe susah... hadeeee...",1
Mega Wowor,Ribet skali ini aplikasi pas update. Pantas banyak yg nda bayar pajak.,1
Edi Pakasi,Bagus,5
Doni Tolandang,Mantap tdk ribet lagi,5
Ryan Lu,"Kodenya kok gak bisa di pakai, tambah ribut pake ni aplikasi",1
Nick Moningka,Tolong buat aplikasi yang menguntungkan masyarakat. Mau bayar pajak susah sekali sdh dapat kode bayar serta mau bayar lwt m Bangking nomor kode salah. Payah luar binasa,1
Harold Loing,Kenapa tidak bisa install yaa ?,1
Rama Poluakan,soh lebeh pusing pake ini aplikasi...,1
Charles Massie,"Respon paling cepat, mantapğŸ‘",5
hadi wiyono,Kebapa bayarnya gak bisa lewat bank lain selain bank sulut?,2
Brian Aruro,"Lebe bagus yang dulu sebelum update , sekarang lebeh ribet",1
boy ce,Keren,5
Rey Rampengan,Mantapp,5
Evesus cessie pasla,Mantap,5
Michael Mic,Trims,5
Eman Rumampuk,Terbaik dan sangat membantu......,5
Kusmo Be,Aplikasi apaan ini Setelah di update data kendaraan jadi berubah.,1
Chresly Rumondor,ribet,2
Jopie Dumanauw,Mantap,5
Gerry Darmawan,Tolong disediakan pada IOS,4
Sriwardana Saleh,Kpa dpe kode bayar nda keluar kang,1
Rudi Lonteng,Bagus,4
sriwahyuni ibrahim,Mantab,5
Eduard Monangin,Mudah dan cepat aplikasinya,5
Perri Darmanto,The best,5
Bayu Alit,"Tolong developer, kase bagus akang ni aplikasi. Mo cek pajak p susah. Nda mo jadi. Pas update bgni so nda jadi2. Bkg susah jo",1
Ashwinay Naway,Mohon di kembalikan ke versi lama biar belih gampang..,1
Adina Molangka,Langsung dapat mengetahui pembayaran pajak motor ğŸ™ğŸ™ğŸ™,5
Linda Gosal,âœ”ï¸ğŸ‘ğŸ‘ğŸ‘ğŸ‘ğŸ‘ğŸ‘,5
Stenly ticoalu,Mantap,5
Rafel Mailangkay,Lebih sulit mending yg lama dri payg yg baru ini,1
Louis Leslly,Ok,5
Koko Prayaka,"Bayar nya ribet, tidak bisa pake tokped",1
Chumichu Cumi,"ribet skali cma mo lia kode bayar bnya tete benge, nda rupa dlu langsung kluar",1
Putra Mahkota,Makasi,5
Marcelino Lumi,Sistem sering eror sudah keluar notice pajak di aplikasi msh tertulis blm bayar,1
Reymond Pangau,"Tidak akurat mohon di diperiksa lagi aplikasi ini. Pajak sudah terbayar, tapi di cek di aplikasi belum terbayar",1
Eky Eky,Pajak sdh dibayar.. tapi aplikasinya nda terupdate...malah ada denda..,1
john bisuan,Bagus,5
Rivo Watung,2023 lbe ribet m isi plat nomor kendaraan nd bisağŸ‘,1
Steven Tawalujan,Keren rekomendit,5
daeng 997,"Gak update aplikasinya, pajak udah dibayar lunas di samsat, cek aplikasi masih belum terbayar",2
Mario Mohede,Mantap,5
Dwi Susanto,Cara bayar lewat bank lain bisa nggak? Misal bank BRI githu,5
Sharon Jehosua,sudah diperbarui malah gak bisa cek pajak,1
Fai Elias,Update yg baru ini lebih mempersulit lebih enak yg dulu,1
Yudhy Chris Rivaldy Baureh,Force close di samsung a52 android 13,1
MJ CHANNEL,"Tdk dpt di gunakan, selalu kembali atau keluar",1
Bemz Dwee,"Lebih ribet aplikasi yang sekarang gak langsung keluar kode bayar, pake daftar online segala, mau bayar aja susah, pantas banyak yg gak bayar pajak kendaraan.",1
Scoteris Copank,Sangat mudah di cek,5
Steven Lengkey,"Mudah""an bisa aplikasi di iphone, dan menjadi lebih ribet mo cek pajak..",1
Fischer Waloni,Sangat membantu,4
Noldy Gromisk,Okkk mantapp,5
RINTO TOTAGAN,Saat cek pajak muncul jumlah pajak yg harus d bayar pas bayar langsung kok beda nominalnya..semoga kedepannya harus d perbaiki agar pengguna aplikasi ini lebih senang,4
aprilia yahya,Kiapa nya muncul kode bayar kang?,4
Nanang Lindungi,Aplikasi ini sangat membantu,5
Jasmine Rahardja,"Aplikasinya gak di update / upgrade lagi. Mau bayar pajak cek nya dari sini, pas mau bayar nominal tagihannya berbeda.",1
Ando Daud,Mantap,5
Hendri Paputungan,Sagat bagus,5
Refly Kolang,Sangat membantu,5
Nino Mokoagow,Hebat,5
Riyanto budi Soni,Bagus,5
Westwell NW,Tidak work di android 12..tiap cek data nomor polisi tidak bisa.. Mohon diperbaiki.,1
B KALALO,Ok,5
Arther Wotulo,MantaaapğŸ‘,5
Cancer Juni,ğ™»ğšğš–ğšŠğš¢ğšŠğš—,5
Sari Supu kusi,Tolong sebaiknya kode bayarnya di aktifkan seminggu sebelum jatu tempo bayar pajaknya,5
Djunaidi Mooduto,Mantap sangat membantu,4
Valentino Sompotan,"Aplikasi lama,tidak pernah diperbarui,data tidak akurat...sangat payah ğŸ‘ğŸ‘ğŸ‘",1
Jovie Wenas,Mantap,5
Ashar Hatam,Terbaikk,5
Awan Harmawan,Sudah Baik dalam menyampaikan informasi pajak kendaraan. Tapi berharap kedepannya bisa cek informasi untuk mobil listrik plat biru. Semoga bisa update secepatnya. Terima Kasih kerja kerasnya.,5
andirum _Af,Sangat bermanfaat.,5
KartherSmith Smith2928,Sangat baik dan membantu ğŸ‘ğŸ»ğŸ‘ğŸ»ğŸ‘ğŸ»,5
Rhaymond Rhay,MantapğŸ‘ğŸ™ğŸ˜‡,5
Risanto Hobihi,Sangat bermanfaat skali,5
Satrio Utomo,"Nominal yg harus dibayar tidak sesuai, pajak saya bayar terus pas di aplikasi tertulis 5 tahun belum terbayar",1
Sthendi Lumenta,MantapğŸ‘ğŸ‘ğŸ‘,5
Arif Mamondol,Awalnya ada kendala untuk pemeriksaan nomor platnya . Tapi Alhamdulillah akhirnya bisa juga. Semoga kedepan lancar dan berharap tidak ada kendala lagi di versi-versi terbaru handphone apapun,5
Sonny Tarima,Kenapa tdk muncul kode bayar?,1
Risno Mokodompit,Tidak lengkap data nya tidak ada nama dan lain lain,5
tandaju maxi,Sangat puas,4
Fritsky Mandagi,Mntap,5
Arsad Amar,Sangat membantu,5
Fajrin Hullah,Nga bisa di buka,1
Silvan Rengku,Sangat membantu,5
delly sayangbati,saya suka,5
Risal Herdali Saerang,Kenapa saya sudah bayar pajak pas di cek kok masih menunggak,1
Stefie Rorong,oke,5
Yustus Darenoh,Saya kase bintanh empat.aplikasi ini sangat bagus buat liat pajak lewat,5
Edwin Poluakan,Sangat bermanfaat,5
Kornelis Donald,Baik.....,5
Andy Rompas,Mantab,5
Agus Supriatna,Dengan adaya apl ini mempermudah didalam pengurusan pajak kendaraan,5
dea Dey,"harga pajak di aplikasi nda sesuai deng harga asli, di aplikasi masih tercantum biayay STNK padahalh itu so bayar tahun lalu satu kali deng depe pajak motor",1
Temmy Wuntu,Semoga waktu pembayaran sesuai dengan harga yg tertera... Soalnya setiap tahun saya bayar tidak sesuai dengan yg tertera...,5
Allen Maindoka,Nulll,1
Djamal Amelia,86 tetap semangatğŸ’ª,5
Aden Panigoro,Tidak bisa di buka,5
Vonny Angkow,Mempermudah dlm membayar pajak kendaraan,5
steven lomboan,Awal awal bagus..blakangan mengecewakan..membuka ruang pungli,2
STEVEN. WALEAN.,Ok,5
ex,harus diupdate lagi,1
Ridwan Noe,Eas e rddessdee E tilang di TFT TT TT t TTD t fff the g TT ffttdft TT,2
Jeansta Manahede,Mantap,5
Rommie Talumepa,Mantap,5
Elegi Gea,Sudah sekian hari aplikasi error. Cuma loading trus,1
Raider Bol-Tim,Mantap,5
stevly manembu,Good,5
Vicky Hutagalung,ğ™†ğ™£ğ™¥ğ™– ğ™£ğ™™ ğ™—ğ™ğ™¨ğ™– ğ™¢ğ™–ğ™¨ğ™ªğ™  ğ™ ğ™š ğ™–ğ™¥ğ™ ?? ğ™ˆğ™¤ğ™ğ™¤ğ™£ ğ™¥ğ™šğ™£ğ™Ÿğ™–ğ™¨ğ™–ğ™£ğ™£ğ™®ğ™–,1
Stenli Dungus,Sangat membantu sekali,5
Elnior& Edsel,Kode bayar tidak ada,1
Eki Posumah,Ok,5
Mario Cero,Sayang nya gak ada update lagi,5
Arthur Wotulo,Layanan mantapğŸ‘ğŸ‘,5
Thomas Sekewael,Bagus,4
Deisy Lolong,Sangat setuju dengan aplikasi ini. Thanks,5
Jimmy Rumengan,Bagus,5
Christian Stevenson Heinrich Purukan,Tolong lebih dikembangkan lagi,5
Norman Martin,Tidak inovatif.,1
Michael Anis,ğŸ‘ğŸ‘ğŸ‘ğŸ‘,5
Jenri Maidangkay,"Dulu bagus , tapi mungkin sudah ditinggal",1
Stevenson Petiunaung,Good,5
Bombom Bogo,Kasih info harus lengkap. Ini Nga bisa kasih kode bayar apaan coba ? Kalo kita bayar pajak tolong dipermudah bukan dipersulit,1
Agus Marsidi,GoodğŸ‘,5
irsye Yohosua,aplikasi bagus dan sangat bergunağŸ¥°ğŸ¥°,5
Haris Adjiji,Good,5
Adri Lasama,Bagus... mudah untuk mempercepat waktu.,5
Felix Kansil,Mantap,5
PT Rungkad jaya,Ga niat bikin aplikasi kode bayar tidak keluar Apa cuma buat abisin anggaran saja,1
Arya Dewangga,"Meresahkan, kode bayar tidak keluar info kendaraan tidak lengkap",1
vai rimporok,Apk abal abal... Kode bayar gk Ada. Masa pajak kendaraan makin tua bukan makin menurun malah tambah naik..,1
Raymond Langi,MANTAP,5
Sudiro Amparodo1,Informasi mudah,5
Djuannito Pandensolang,Ok,5
Letisha Tuar,"Aplikasi iko rame, yg penting ada aplikasi. Sekedar saja yg penting masyarakat lihat ada terobosan ğŸ¤¦â€â™‚ï¸ 1.Kode bayar nda muncul, bagimana mo babayar klu nda ada kode? 2. Bayar pajak tahunan Mar muncul di tagihan jumlah pajak 5 tahunan, mikir.... Sulut Hebat ğŸ¤£",1
Leonard Panekenan,Sangat membantu,5
Sussry Mokoginta,Aplikasi mantap,4
Imam Priyadi,Sangat membantu,5
Ptr Sadewa,Kenapa gk bisa pake bang ğŸ™ğŸ™ğŸ™,5
Meyken Lasut,Oke,5
Chindy Kaluntas,Bagus,5
Yustus Darenoh,Bagus,5
Teny Salawati,Bagus,5
Yulandi Mouko,Baik,4
andri visiardhana,Very Good,5
Rino M Nur,Mantap,5
Stefa Talendo,Aplikasi tidak bisa di buka,1
Fito mul Anto,Kenapa error,5
Sanny Wonte,Mantap,5
Sadam bawoel,Aplikasi ine sangat membantu,2
Hendro Derek Derek,Mohon.. Versi terbaru..,4
Deysi Ratu,Sy sudah instal appnya... Tapi nda bisa masuk,1
Miracle Caroles,Awalnya bisa membantu tapi sejak handphone aku di update tidak kompatibel lagi. Tolong di perbaiki dong ğŸ™,1
Handri Meifo,Pajak kendaraan saya tidak bisa adi cek.. Kendaraan orang bisa.. Gimana???,1
Donal Jofian Lesar,Mantap,5
Nuris Predator,"Ko bayar pajak bukannya turun malah naik tolong jangan ada pungli atw tikus2 korupsi.kasihan rakyat.apa kalian gak tau mungkin duit yang di pakai buat bayar pajak itu.duit minjam sama orang.se enaknya kalian atur2 pajaknya.kalian dah punya gaji masih aja nyari ke untungan sama orang susah.kalau mereka gak bayar pajak kena tilang.giliran mau bayar gak sesuai dengan harga pajak yang sebenarnya.tolong jangan bikin susah rakyat yang mau bayar pajak,dengan adanya tikus2 korupsi.trima kasih",1
Alfian Rumengan,Baik,4
Russ Anto,Cukup membantu sekali,5
Zulkiflan Hamzah,Ok,5
i wayan agus mardika,Baik,5
Ahmad Balahmar,Sangat puas dgn applikasi tsb.,5
Richie Rich,"So error' stow ini aplikasi... Masa Biaya STNK 100,000 dgn Cetak Plat Baru so bayar di 2020 kong masih ada Lei muncul di mo bayar 2021.... Kong Kode Bayar Lei nyanda ada Somo jatuh tempo Komang....ğŸ˜€ğŸ˜€ğŸ˜€ğŸ‘",1
Stenly Bahihi,Aplikasi sudah bagus tapi harap di perbaharui lagi,5
Chris Rdr,"Sebenarnya aplikasi ini sangat membantu, tapi tolong diperbaiki menjadi lebih baik lagi. Terutama masalah data kendaraan dan jatuh temponya. Update juga untuk penggunaan di versi Android terbaru. Terimakasih.",3
Rivaldi Tandingon,Kenapa ngak bisah terbuka,1
jefrie nelwan,Baik,5
John Hikler,ğŸ‘ğŸ»,5
Kevien excelsis ondang,Baik,5
anton adam,Bisa membant brapa pembayaran pajak,5
Sunaryo Bigo,"mantap, semua jadi lebih mudah dan menghindari pungli",5
hendrik maarebia,"Okey, cukup membantu",4
Irwan Usman,Mantap,5
dade dodo,Kenapa aplikasinya tidak bisa dibuka ya,3
Handri Iroth,GoodğŸ‘,5
Samsudhin Mokodompit,Bagus,5
sahril lasena83,Mantap,5
0774 iD (â€ªMichaelâ€¬),Nda update... SuakSkali.... ğŸ˜‚ğŸ˜‚ğŸ˜‚,1
Hasim melangi,"Aplikasi ini sangatlah membantu, tapi kenapa di android versi baru tidak bisa di buka....????",5
Puguh Prayitno,bagus,5
Muhammad Irgi,Mantap ğŸ‘ğŸ‘ğŸ‘ğŸ‘ğŸ‘,5
arsip NNL,"Aplikasi mantap, . usul setelah cek , langsung dgn pilihan bayar online, akan lebih mantap",5
New Michael,Mantap,5
Risman29,Mantap,5
Yudi Kawulur,Di update dong aplikasinya,2
Geraldo Pondaag,Ok,5
Rawinda Lela,Good app,5
Kia Jr24,Good,5
Mohammad Indrayadi Hasan Basri indra,Mantap,5
heroik suku,The best,5
anchu Djami,Mantap,5
Lyndon Johnson Worotikan,Ok,5
Glorya Stevanie Kaeng,Ok,5
Febriyanto Modaa,mantap,5
Eko Nasution,Kok masi fersi lama ngak ada update nya ya,5
Fito Rangga,Sulut hebat,5
Ismail Pawewang,Membantu dalam proses pengecekan pajak kendaraan,5
grety watung,Good,5
Andries Jules Kumajas,Great,5
Ismet Kaldiansyah,Bagus tapi datanya kurang lengkap,4
Yunus Dako,Ful bntgx,5
Zain â€œFndyâ€ Efendi,Klo sekaligus bisa bayar akan bermanfaat sekali,3
Nabati Tenda,Bgus,5
Uthan Pangerang,Mantap,5
Elia Runtunuwu,"Sangat membantu, tapi tolong di tambah info pemilik kendaraan juga",4
Daeng Kulle,Mantap,5
Gustry Tompunu,ğ•‹ğ•–ğ•£ğ•“ğ•’ğ•šğ•œ,5
alwibinsoriin alwi,Mwantappp ... !!!,5
Chezz Malieser,Aplikasinya udh bagus. Tapi lebih bagus lagi kalo disertai nama dan alamat pemilik thx ğŸ™ğŸ™ğŸ™,4
Melki Mambu,Aplikasi sdh bagus tapi kenapa kode bayarnya lambat keluar..tolong d perbaharui dan d tingkatkan lagi.,2
ias,sangat membantu,5
Ellisa Tengor,ğŸ‘ğŸ¼,5
Desion Walangitan,Sangat bagus,4
Den Su,Membantu,4
Jacky Fracky Tamon,Mantap,5
Elias Lumandung,ğŸ‘ğŸ‘,5
Donny Monde,Good,5
Arbin Uno,"Aplikasinya sudah lumayan,,,, Akan tetapi lebih bagus lagi kalau dilengkapi nama, alamat juga pemilik.",3
Hapsa Mustain,Memang mantap.,5
Yonk Simbala,"Aplikasi sudah bagus, tapi sayang nya tidak ada pembaruan dari pihak developer. Mohon agar di perbarui lagi, agar kebutuhan mengenai informasi pajak kendaraan lebih mudah di akses oleh masyarakat. Serta mendapat pembaruan terbaru mengenai data pemilik kendaraan.",4
VICTOR DAROTONG,Good,5
Yanto Yanto,Sangat membatu untuk. Mengecek pajak kendaraan.ğŸ™ğŸ™,5
Nofendi Kalangi,Good,5
Dholvie Mamonto,Tolong dong Developer keknya ada kekeliruan soal waktu/tempo pembayaran pajak. Tahun kemarin aku uda bayar pajak 5 tahunan kenapa ditahun ini datanya masi kayak bayar pajak 5 tahunan...,1
Henry Bella,Good,5
Sutrisno Goni,Data tidak sinkron ğŸ˜‘,2
Boy Gnusumam,Good,5
Welly Mamusung,Bagus skali.,5
Raffa Thal,Sangat membantu,5
Adi Amang,Sangat bermanfaat!ğŸ‘ Rating Bintang 5.,5
Mel maxi Rotinsulu,Sangat membantu,5
Natalia Seran,"Di update lagi aplikasinya,,karena pajak sudah bayar tapi pas cek sudah menunggak 2 tahunğŸ™„ğŸ§ Seharusnya membantu tapi malah bikin pusingğŸ˜±",3
Terry Mamele,Aplikasinya mantap sangat membantu bagi kami pemilik kendaraan ğŸ‘,5
Susanto Engka,Biar lebih lengkap lagi kalau ada nama pemilik kendaraan nya..,3
Mandri Minggu,Pastinya sgt membantu kita sbg wajib pajak ğŸ™,5
Christianlayuksugi Layuksugi,Samsat sulut ğŸ‘ğŸ‘,5
Monica Tumanken,"Ok juga,mantap",5
Vickly84,mantap,5
Reymond Muntuan,Ok,5
Yudi Gonggala,Sangat bagus,5
Inzuhya Mubarak,"Sangat Membantu Masyarakat dalam membayar kewajiban Pajak Kendaraan, karena bisa langsung mengetahui biaya keseluruhan pajak yang harus dibayarkan.",5
L. Dann,"Aplikasi ini sangat membantu kami mengetahui jumlah pajak kendaraan dan kapan terakhir dibayarkan. Mohon bisa di kembangkan lagi agar semakin memudahkan pemilik kendaraan, misalnya saat motor akan mutasi keluar daerahğŸ™ğŸ™",5
Christian Pinem,Mantap,5
Fikri Rj,"Membantu memudahkan pengecekan pembayaran pajak, tanpa harus antri",5
Hanny Rogi,Efisien dan MantapğŸ‘,5
Romy Lumi,Mantap,5
Moh Syafriyanto Pakaya,"Kak mohon maaf mau tanya, motor saya dari bolmong timur. Apakah saya bisa bayar pajak di samsat bolmut, Boroko ?",1
Ello Sakwal,"Saran, mohon dapat lampirkan juga nama pemilik kendaraan. Agar kelihatan pemilik kendaraan yang sebenarnya. Jadi masyarakat juga dalam hal ini dapat membantu pemerintah.",3
Dicky D.mintalangi,Siiiip,4
Mishella Syarief,Mantap,5
Stevie Tumuju,Tolong di selidiki.... Di apk jumlah tertere untuk STNK Rp 100.000.tapi kenyataanya bayar Rp 125.000. TNKB di apk j7mlah tertere Rp 60.000.tapi bayar Rp70.000.apakah ini yg salah apk nya.atau ad unsur KORUPSI...klo ini kesalahan apk...tolong di perbaharui.tapi jika ini adlah tindak KORUPSI mohon di selidiki...TERIMAH KASIH...,1
Randy Patanda,Sangat membantu mengingatkan Kalau Pentingnya Melaksanakan Kewajiban.,5
Noldikariso Noldi,Mantap,5
Aswin Hadi,Sangat membantu. Terima Kasih,5
Takira Nando (Let's explore),Kenapa Aplikasi nya tidak bisa di pakai,1
Max Manahera,bisa membtu,5
Victor Mawu,Sangat membantu,5
Bahri Peasu,Cek cek kendaran bermotor,5
Fahri Kobandaha,Matap,5
Raidon Courtland,Mantap,5
jeffry tulusan,Sangat bagus,5
Aneke Pangayow,Bagus,4
Immanuel Mandak,zokede,5
Harun Abudji,Mantap,5
Threeya Pakaya,Mantap bisa dipercaya...,5
Mulkia Mokoginta,Aplikasi word,5
Fermy Jorfen Jacob,Dgn aplikasi ini sangat membantu untuk membyr PJK kendaraan... Cuma klo somo ambe tu notice pajak hrs Tamba biaya lagi 50rb... Apakah memang begitu atau..?? Mudah2 ini nda pungli.... Salam sehat.,5
Ahmmad Pakaya,Bagus bisa membantu mengetahui pajak .,4
dhory dahori,Dicoba dulu masuk Aplikasi.,3
Maggie Mawitjere,Bagus,5
Felix Wee,Klo bisa kembangkan lagi untuk tampilan nama pemilik kendaraan,4
Vilmond yami,Sangat baik,5
Junaidi Manumpil,Bagus aplikasinya Tapi tolong nama pemiliknya Di cantumkan juga....,3
sarwo surono,Makasih jd mudah pajak kendaraan,3
reina ayumi kasiha,"Tolong Di tampilkan nama Pemilik Kendaraan, Pembanyaran lebih mudah, Spy oknum2 polisi yg bertugas di Samsat Biting spy tdk membodohi masyarakat Untuk membayar pajak.",5
Saul Rapar,Baru bayar tadi....sudah terkonfirmasi....dan data utk bayar tahun depan sudah ada....terimakasih..,5
Sofyan Junaidi,Kode bayar tidak muncul..,1
Welson Wungow,Apakah kode bayarnya tidak ditampilkan lagi? Soalnya sudah 3 bulan ini saya selalu cek. Kode bayarnya tidak ada atau tidak muncul. Akibatnya tidak bisa bayar lewat ATM,3
Doortje Tamunu,Good,5
Zainal Abidin,Mantap,5
Mario Katuuk,mantap,5
Haikal Achmad,Oke,5
widhio simbala,"Mohon untuk segera di perbaiki bug nya, selalu error saat di gunakan",1
Hary Wahjudi,"Utk memudahkan para pemilik ranmor, mohon app di-update.",1
Lea Ellen,Good,5
X street Official,"Tolong dong,, Tulisan Update Muncul,, Saya mau Cek Pajak Konsumen ğŸ™ğŸ™",1
Anto Saja,"Sangat bagus,dan lebih gampang untuk pengecekan pajak",5
Jimmy Maki,Mantap,5
Meldy Lembong,Mantap...,5
Romel Salangka,Di coba dlu yaaa,4
Steven Walean,ok,5
Mooduto Edison,Aku suka,5
Ferry Ginsel,Mantap,5
Yanto Anto,Ok,5
marlon mario,Sangat membantu.,5
Stynki Warong,Supir,5
Rise 'n Shine,Makin bagus,5
Jokowi ANJING,Aplikasi eror,1
Ratno Panawar,ğŸ‘,5
benny polii,Baik,5
Jamal Bahar,Data tidak di temkan..ngg guna app ini..,1
Abd Asis badar Asis badar,Benkel las,5
Creator Pangau,payah ni app. lebeh bae hapusjoh..nd berguna..masa dari dlu sampe skarang nd update.ğŸ™„ cuman buang data ad download..ğŸ¤”ğŸ˜’ğŸ˜©,1
jemmy soenarto,"Tolong app nya di upgrade. Supaya bisa lancar bukanya. Bulan kemarin masih bisa buka app nya,, tp bulan ini error terus.",1
Sofyan Abbas,mantap,5
Frenly Lee,Membantu,5
The Pong'S,bagus,5
vidi tulung,membantu,5
Yut Djafar,Butul atau nda ini?,2
Rolly Rumampuk,Mantap,5
Black Eagle,Aplikasi mantap,5
Hilkia Chris,"Ini aplikasi serius ada bqg ato nda !! masa jaman skrg so lebeh canggi kg aplikasi nd mo update terbaru iko perkembangan, lebe bae hapus jo so nd ada guna di android terbaru",1
Jansen Rumondor,"Bagus, membantu. Maju terus.",5
Marina Makalow,Bagus,5
Andrew Andresen,"Data pemilik kendaraan tidak ada,,mohon di evaluasi lagi",3
Didi Tuwo,Sangat membantu,5
Johanis Rawung,So tiga kali buka Nyanda tre tabuka.. kalau tidak mampu memberikan yg terbaik tak usah ada... Lebih baik hapus aplikasi ini. Tidak memberikan kenyamananğŸ‘ğŸ‘ğŸ‘ğŸ–•,1
franki liwutang,Yg bnya komplein biongo pke apk,5
David Johanis,Sangat berguna,4
Christian Pinem,Mantapz...mempermudah,5
Iswa Nto,Mantap,4
Jemy Elias,Baik,5
Olke Kasenda,Lebih cepat mendapat info tentang pajak kendaraan.,4
Danny Dauhan,"tidak berguna,tidak bisa dibuka...erorr",1
Selni Camelia,Like,5
Donald Kindangen,Perna bekerja di Mitra Allianz,5
Kristian Undap,Bagus,5
Mubarak Manoppo,"Thank's,. Sangat membantu...",5
Recky Kaparang,Mantap,5
Ruslan Husain,Ok,5
Berni Malonda,"bagus dan mudah,app ini hanya mengecek harga yg mo di bayar,tinggal cocokin di samsat kiraÂ² sama ga yah",4
Donny Sigarlaki,"Mohon nama pemilik dicantumkan,, terima kasih...",4
Reymon S. Buhang,sangat baik aplikasi ini...,5
Ely Palawe,Aplikasi susah di download,1
Stenly Ngantung,Sangat bagus.....,5
Bildat Erix,mantap,5
Michael Lumingkewas,Mantap,5
Rental mobil Anugerah,Sangat membantu,5
Kawalo Develino,Lebih lengkap lagi bagusnya keluar sama nma pemilik pas cek pajaknya,3
medi margadinata,manthaaap,5
Semuel Jacob Mandagi,Mantap sipp,5
FF Londa,Mantap,5
Budi Haryanto,Saya suka sekali aplikasi ini sangat menarik,5
krypto,Hebat,5
Heidi S,Ok,5
Bolla Lapian,Sangat baik,5
Steni Reppi (Tejo),Ok,4
Dio Paulus,Sdh tdk berfungsi lagi kah ? Mau ngecek pajak tdk ad nomor billing yg mau d byarkan,1
Romel Salangka,Di coba dlu ya,4
Nofembly Pusung,Good,5
Denny Supriadi,Kata2nya acak nda ngerti,1
Brandon singal,ğŸ‘ğŸ¾ğŸ‘ğŸ¾ğŸ‘ğŸ¾,5
Steward Noho,Mantap,5
Feki Gherid,sangat membantu,5
ahmad Yani,Di coba dulu,3
Violita Lahinda,apk apa ini KB blocked trus? ini mah bagus seperampat bintang,1
Aldy Manoppo,Sangat berguna,5
Febri Hasan,Di coba,4
tico 75,Mantap,5
stephanus stenly,Mantap,4
Mytha Mokodompit,Mantap,3
Hanny Lasut,Senang,5
sch tya,"di app sekian bayar pajak, serta torang mbayar ke bank sulut s ttambah dgn admin.. lebih baik lagi lebih upadte ke nama pemilik jadi lebih akurat lagi kalo lengkap info pajak kendaraan sulut. sekian & terima kasih.",3
Anto Datukramat,Sangat membantu untuk pembayaran pajak kendaraan bermotor,5
Blexman Binambuni,Mntap,5
Subhan Yusuf,Cepat dan simple,5
NANDITO REZA,"App sudah bagus, kalo ada dpe nama pemilik le, spya lebih membantu ğŸ™",2
frangky mongdong,Aplikasi tidak berguna. Buat aplikasi harus ada fungsi dan memberikan kemudahan. Sekarang zaman udah canggih dan tingkat mobile warga manado sudah cepat jadi kalo boleh buat system pembayaran online. Bukan buat aplikasi tidak berguna seperti ini.,1
Adrie Gimon,Yg pake nama pemilik aplikasi samsat yg mana,5
Immanuel Mandak,Ok,5
Venesa Lamende,"Apakah bisa bayar online ? Atau melalui m banking agar lebih mudah ,tanpa harus antri..",3
RISAD DJAMILUI,Tidak ada update,1
Hidayat us,Top,5
Dedhy David,saya kasi full bintanya karna aplikasi nya manta sx. sangat membantu saya. salam dari sulut terimakasi.,5
Kornelius Kantor,Good,5
Agung Setiawan,Good,5
Decky Raintung,Ok siip,4
Marfino Geofani,Ok,5
Oktaviani Supu,Motor tahun 2015 apa masih masuk akal kalau pajak yg mau di bayar dgn nominal 350.000? Itu hanya motor matic honda beat loh bukan motor yg gedeğŸ¤¦ harga pajak untuk motor tipe di tahun begitu bkanya turun malah naik...denda aja tidak pernah tapi kenapa harga pajak lebih naik?,1
Pengguna Google,Baru coba,1
Pengguna Google,Kode bayar tidak muncul . gimana dong?,3
Pengguna Google,Good,5
Pengguna Google,Trimakasi,5
Pengguna Google,Ok,5
Pengguna Google,Mantap,5
Pengguna Google,Bermanfaat dan cepat untuk info kendaraan dan info pajak kendaraan,5
Pengguna Google,Oke,5
Pengguna Google,Membantu,5
Pengguna Google,ğŸ‘,5
Pengguna Google,Baik,5
Pengguna Google,Aplikasi ini sungguh luar biasa karna mempermudah kita mengecek pajak tanpa melalui kantor samsat tertentu dimnapun kita berada..,5
Pengguna Google,Cari info pajak,4
Pengguna Google,I like that,5
Pengguna Google,Nama pemilik tidak ada,3
Pengguna Google,Lumayan,3
Pengguna Google,gak bisa,1
Pengguna Google,Mantap hebat...,5
Pengguna Google,Tidak muncul nama pemilik kendaraan,4
Pengguna Google,Bagus,5
Pengguna Google,"Lebih baik lagi klo tercantum nama pemilik alamat dll, supaya kita mau beli kendaraan bekas bisa lebih hati-hati.",1
Pengguna Google,Good,5
Pengguna Google,Lumayan membantu,3
Pengguna Google,Trimaksih tapi lebih lengkap lagi ad nama pemiliknya.. Bintang 1 dulu yaa,1
Pengguna Google,Bagus,5
Pengguna Google,Ada baiknya nama pemilik tercantum.,1
Pengguna Google,Mantap,5
Pengguna Google,Membantu,3
Pengguna Google,Bagus,5
Pengguna Google,Good job,5
Pengguna Google,Ko gak ada kode pembayaran...,1
Pengguna Google,Sulut Hebat,5
Pengguna Google,sangat membantu,5
Pengguna Google,masih perlu adanya peningkatan dalam hal design,5
Pengguna Google,Mantap,5
Pengguna Google,"Lumayan membantu, Lebe bagus lh kalo blh dapa lia nama pemilik",2
Pengguna Google,Aplikasi yang bermanfaat....,5
Pengguna Google,mantap,5
Pengguna Google,ğŸ‘ğŸ‘,5
Pengguna Google,Sederhana dan memudahkan bisa cek data pajak yang harus dibayarkan,5
Pengguna Google,Min kalau mau cek data kepemilikan apa ya ?? Soalnya ini kan hanya pajak,2
Pengguna Google,Good,5
Pengguna Google,Bagus saat pengecekan,5
Pengguna Google,Bagus,5
Pengguna Google,Mantap,5
Pengguna Google,Mudah,5
Pengguna Google,Mantap,5
Pengguna Google,Memang membantu.,5
Pengguna Google,Good app .. tq,5
Pengguna Google,Bagus,5
Pengguna Google,Hods,5
Pengguna Google,mantap,5
Pengguna Google,Mantap,5
Pengguna Google,Tidak ada menu apapun dan info apapun,1
Pengguna Google,Kalo bisa di buat yang baru bisa lihat atas nama di STNK dan nomo rangka dan mesin,5
Pengguna Google,Mantap,5
Pengguna Google,Sangat membantu agar tidak melalui calo lagi,5
Pengguna Google,Baik,5
Pengguna Google,Baik selalu,4
Pengguna Google,Dengan aplikasi ini kita bisa akses lebih cepat dan lebih mudah untuk mengetahui data pajak kendaraan kita sebelum melakukan pembayaran di samsat,3
Pengguna Google,Mantap,5
Pengguna Google,sangat bagus,5
Pengguna Google,Terbaik ğŸ˜Š,5
Pengguna Google,Mantap,5
Pengguna Google,Eror nda bisa cek,1
Pengguna Google,Kenapa sudah tidak bisa di pakai? *NameResolutionFailure* Ada pemberitahuan cuma utk Android Versi Lama..,1
Pengguna Google,Mudah & cepat,5
Pengguna Google,Cek pajak KB yg muncul EROR,1
Pengguna Google,Ini sangat membantu,5
Pengguna Google,Aplikasi ya Jelek SekaliğŸ˜†ğŸ˜†ğŸ˜†ğŸ˜†,1
Pengguna Google,Mantap,5
Pengguna Google,Bagus,5
Pengguna Google,Ok,5
Pengguna Google,Memudahkan,5
Pengguna Google,Cek pajak eh malah muncul KB is blocked... Maksud nya apa? Gak jelas gak da informasi di aplikasi.. aneh,1
Pengguna Google,Sangat membantu,5
Pengguna Google,"Sangat membantu..tapi harus lebih d tingkatkan lagi. Nama pemilik tidak tercantum..harga yg harus d bayar d.. aplikasi bedah jika bayar d samsat. Trus untuk data pajak..saya sudah bayar pajak,kendaraan bermotor saya 01 oktober 2019.... tapi sampai hari ini 09 des 2019 d aplikasi..saya masi nunggak pajak...terimakasih..",4
Pengguna Google,Ok,5
Pengguna Google,Mantap,5
Pengguna Google,Mantaap,5
Pengguna Google,Mantap,5
Pengguna Google,Ramli abas,5
Pengguna Google,ğŸ˜,5
Pengguna Google,Ok,4
Pengguna Google,ğŸ¤—,5
Pengguna Google,"Sudah bagus tapi masih ada yg kurang, Nama pemilik kendaraanNya tidak keluar",5
Pengguna Google,Mantap,5
Pengguna Google,"Aplikasi nda akurat masa pajak saya mobil agya estimasi 3,5 jt padahal bayar tepat waktu,,",1
Pengguna Google,Ok,5
Pengguna Google,sangat membantu,5
Pengguna Google,Mantap,5
Pengguna Google,Info yg akurat,3
Pengguna Google,Aplikasi yg meringan kan masyarakat dlm pengurusan Pajak kendaraan dan terhindar dari para calo Pajak ğŸ‘ğŸ‘ğŸ‘,5
Pengguna Google,Maaf data pajak motor saya ko sama seperti tahun lalu sedangkan jatuh tempo tanggal 8 ( biaya pembutan pajak dan plat nomor masih tercantum untuk pembayaran pajak tahun ini ),2
Pengguna Google,Jelas,5
Pengguna Google,Baik,5
Pengguna Google,Minta yang sekalian nama nomer mesin dan rangka,5
Pengguna Google,Memudahkan,5
Pengguna Google,Baik,5
Pengguna Google,Nama pemilik oto nynda muncul,1
Pengguna Google,Baik,5
Pengguna Google,Mantap,5
Pengguna Google,Mantapï»¿,5
Pengguna Google,Tidak Bermutu,1
Pengguna Google,"Sangat membantu terhadap pembayaran pajak kendaraan, karena bisa langsung terlihat jumlah bayar.",5
Pengguna Google,Good,5
Pengguna Google,Good,5
Pengguna Google,Sangat membantu,5
Pengguna Google,Aplikasi yang sangat membantu untuk mengecek data pembayaran pajak kendaraan,5
Pengguna Google,"sering pake, sangat membantu. bayar pajak via ATM juga bisa.",5
Pengguna Google,Sangat membantu bagi kami,5
Pengguna Google,Sangat memuaskan informasinya.,5
Pengguna Google,ok,5
Pengguna Google,Bagus,5
Pengguna Google,Mantap,5
Pengguna Google,Gud,5
Pengguna Google,Sangat membantu.,5
Pengguna Google,Mantapp bisa membantu,3
Pengguna Google,Good,5
Pengguna Google,Mantap,4
Pengguna Google,SULUT HEBAT,5
Pengguna Google,"semoga dgn adanya pelayanan seperti ini pastinya sangat dibutuhkan atau membanatuhsx buat publik khususnya di indonesia, semoga sukss ya,?",4
Pengguna Google,"Mohon di perbaiki lagi, soalnya untuk nama pemilik dan alamat pemilik tidak muncul.. biar dengan aplikasi ini, orang-orang juga bisa mengetahui identitas motor atau mobil jika di beli. Terimakasih",3
Pengguna Google,mantap sangat membantu,5
Pengguna Google,Mantap tapi kok ngga keluar nama pemiliknya coba mohon di tunjukan caranya,5
Pengguna Google,Gg,3
Pengguna Google,Aplikasi bagus... Sangat membantu..,5
Pengguna Google,Nama pemilik tidak muncul,1
Pengguna Google,"Mantap, cepat prosesnya..",5
Pengguna Google,so lalah ulng2 kypa pas se maso nomor polisi(DB) eh data kendaraan nd ada...jelas2 ad stnk bpkb masa nd ada dpe data ....,1
Pengguna Google,"Aplikasinya bagus, sangat membantu ğŸ‘",4
Pengguna Google,Bagus,5
Pengguna Google,Mantap,5
Pengguna Google,Mantaappp,5
Pengguna Google,Mantul,5
Pengguna Google,ğŸ‘Œ,5
Pengguna Google,Sangat membantu,4
Pengguna Google,Baik,5
Pengguna Google,Mantap,5
Pengguna Google,Mantap,5
Pengguna Google,Lumanyun,4
Pengguna Google,tidak ada namanya,2
Pengguna Google,membantau,5
Pengguna Google,Kok teman saya keluar lengkap alamat sama nama,5
Pengguna Google,Bagus,5
Pengguna Google,Coba nama pemilik kendaraan juga terbaca,3
Pengguna Google,Mantap,5
Pengguna Google,cukup membantu tapi belum tau cara bayar pajaknya,4
Pengguna Google,ğŸ‘ğŸ»ğŸ‘ğŸ»,5
Pengguna Google,Puas,5
Pengguna Google,sangat bermanfaat,5
Pengguna Google,"Maaf, saya mau bli mobil second. Data BPKB sama Data di eSamsat kok beda ya? BPKB sedan, eSamsat Inova",1
Pengguna Google,data pemilik blm ada,3
Pengguna Google,mantap,5
Pengguna Google,Mohon di Update ke Android Versi baru...terima kasih,1
Pengguna Google,"mudah dan gampang,, bebas pungli,,",5
Pengguna Google,sangat membantu,5
Pengguna Google,"mantap, katanya bisa dibayar di bank sulut, tapi nyatanya teler di bank sulut ndak tau kalu di alamatkan kemana, tadi saya tunjukkan hasil dari aplikasi( kode bayar) tapi petugas disitu ndak tau, jadi saya langsung ke samsat dan ternyata antara hasil yg dari aplikasi beda dengan yg di samsat.apa secepat itu perubahan di aplikasi, ada cek sore setelah siang solaeng.jadi mungkin bisa di tinjau kembali..terima kasih..",5
Pengguna Google,payah,1
Pengguna Google,tdk bisa di gunakan,1
Pengguna Google,harus lbh jelas biar tidak menipu masyarakat yang bye pajak .. karna semua ingin membayar pajak . saya kasih 1* ...,1
Pengguna Google,ok,5
Pengguna Google,cukup membantu,4
Pengguna Google,siapa? yg donload krna kena tilang,1
Pengguna Google,mantab,5
Pengguna Google,aplikasi sangat membantu untuk cek pajak kendaraa Sulut .. mantul,5
Pengguna Google,sangat membantu,5
Pengguna Google,baru mau dicoba,5
Pengguna Google,tidak berfungsi,1
Pengguna Google,mantap,5
Pengguna Google,sangat baik,5
Pengguna Google,trima kasih .aplikasi ini sangat menbantu,5
Pengguna Google,sangat membantu,5
Pengguna Google,matap,5
Pengguna Google,sangat bagus,2
Pengguna Google,wow okelah,5
Pengguna Google,bagus,5
Pengguna Google,good,5
Pengguna Google,lebe bagus kalu ada nama pemilik,4
Pengguna Google,tep,5
Pengguna Google,good,5
Pengguna Google,"ada yg lengkap nomor mesin sma nomor rangka,,,?",5
Pengguna Google,sangat bermanfaat,5
Pengguna Google,sip,4
Pengguna Google,bagus,5
Pengguna Google,Aplikasi yang bagus untuk cek pajak kendaraan,5
Pengguna Google,aplikasi ngga jelas ...pajak belum lewat jth tempo kok sdh ada rincian dendanya...aplkasi ngga bermutu bikin org jdi males bayar pajak....ngga jelas rinciannya...,1
Pengguna Google,bagus skali,5
Pengguna Google,sangat membantu,5
Pengguna Google,Mempermudah masyarakat untuk mengetahui pajak kendaraan,5
Pengguna Google,baik,5
Pengguna Google,yah apa itu KB Block.. ????ğŸ˜©ğŸ˜©ğŸ˜©,1
Pengguna Google,"semua sudah d masukan dgn benar., tapi selalu data tidak ditemukan..",1
Pengguna Google,ok,5
Pengguna Google,belum ada update terbaru,3
Pengguna Google,sangat membantu ğŸ‘,5
Pengguna Google,boleh di download.ğŸ¤›ğŸ‘ğŸ‘,5
Pengguna Google,god,5
Pengguna Google,sangat mmbantu,5
Pengguna Google,lumayan bagus,5
Pengguna Google,ok,5
Pengguna Google,jadi mudah cek pajak KB... wilayah kotamobagu,5
Pengguna Google,good,5
Pengguna Google,sangat membantu,5
Pengguna Google,good,5
Pengguna Google,"ngga ada Data lengkap Pemilik,,,",5
Pengguna Google,Belum bisa Lihat nama pemilik tolong diperbaiki. terima kasih.,1
Pengguna Google,Apa depe kode bayar nanti muncul pas jatuh tempo? Smo bayar sblm jatuh tempo mar kode bayar nda muncul-muncul. Via SMS le so nd ja respon sama juga bohong. Mo mempermudah atau mempersulit pembayaran online sebenarnya? ğŸ˜‚,2
Pengguna Google,sangat bagus,5
Pengguna Google,ko,5
Pengguna Google,koding Not found,1
Pengguna Google,"kl beking aplikasi,ja respon tu orang"" pe ulasan",1
Pengguna Google,good minta di upgrade full data,5
Pengguna Google,sdh bagus tp tidak lengkap dgn nama pemilik dan nomor rangka dan mesin,5
Pengguna Google,sangat2 menbantu,5
Pengguna Google,Bagus so blh cek jumlah pajak yng torang m bayar. Cma Sebagai Masukan jangan cuma tampilkan dpe jumlah yng torang m bayar akan lebih bagus lagi kalu ditampilkan dpe DATA PEMILIK KENDARAAN... makasiiii,4
Pengguna Google,sangat membantu,5
Pengguna Google,baik sekali,5
Pengguna Google,sangat berguna,5
Pengguna Google,"Kode bayar tidak muncul, gimana mau bayar klo syaratnya harus ada kode bayar??? . Mohon pencerahan",1
Pengguna Google,apk ga guna,1
Pengguna Google,"Mantap, lebe bagus kase lengkap dengan nama pemilik ğŸ‘",5
Pengguna Google,bermangfaat,5
Pengguna Google,kode bayar motor sy tidak keluar??,1
Pengguna Google,kerennn,5
Pengguna Google,hebat,5
Pengguna Google,good,5
Pengguna Google,sangant membantu dakam layanan perpajakan,5
Pengguna Google,ğŸ‘,4
Pengguna Google,sangat cepat & trimksih,5
Pengguna Google,good,5
Pengguna Google,"aku beri lima bintang karena aplikasi ini sangat-sangat membantu, sekaligus mempermudah dalam mengecek pajak kendaraan bermotor ğŸ˜ ğŸŒŸ",5
Pengguna Google,memudahkan masyarakat membayar pajak,5
Pengguna Google,mempermudah wajib PAJAK mengetahui jumlah pajak yg d bayarkan,5
Pengguna Google,ibra koko,5
Pengguna Google,bagus,5
Pengguna Google,"mo tnya dang , kalo bayar lewat aplikasi mo tular stnk dmna kang?",5
Pengguna Google,sangat membantu... samsat sulut ğŸ‘ğŸ‘ğŸ‘,5
Pengguna Google,Alhamdulillah pake aplikasi ini lebih mudah untuk cek pajak kenderaan ğŸ˜ŠğŸ˜Š,5
Pengguna Google,Mantap ... Sangat Membantu,5
Pengguna Google,"apk apa ini,gk sinkron sama real nya... malah lebih banyak ongkos nya,bahkan bertahap. daftar harus bayar,habis itu bayar lg d pihak sbgai petugas bank d tambah bikin plat. gk jelas",1
Pengguna Google,aplikasinya top....sesuai deng jumlah yg mo di bayar...bayar pun di pusat pelayanan terpadu sulut (mantos 2) jadi nda meleset...mar kalo mo bayar di xxxxxx hmmmm jawab sandiri jo ğŸ˜‚ğŸ˜‚,5
Pengguna Google,good job,5
Pengguna Google,Mantap Bapenda,5
Pengguna Google,ini baru mantap thanks for aplikasinya ğŸ˜Š,5
Pengguna Google,Top,5
Pengguna Google,thx,5
Pengguna Google,Sangat membantu,5
Pengguna Google,Sangat membantu kedepan lebi baik lagi...,5
Pengguna Google,perlu di taru nama kepemilikan kendaraan,4
Pengguna Google,gk ada informasi nama pemikik,2
Pengguna Google,ok,5
Pengguna Google,Sangat membantu,5
Pengguna Google,bagus,5
Pengguna Google,mantap..tolong tambah dgn nama pemilik yaa,5
Pengguna Google,"Aplikasi sudah mantap, tapi pada saat mau melakukan pembayaran di Bank SulutGo selalu ditolak karena server Samsat error",1
Pengguna Google,cukup baik membantu informasi pajak,5
Pengguna Google,belum lengkap datanya,2
Pengguna Google,"di aplikasi tertera 204.500, tapi di bank disuruh bayar 210.000. juga ada biaya cap di samsat 10.000 saya jadi bingung.",1
Pengguna Google,bagus,5
Pengguna Google,mathap,5
Pengguna Google,kalau bisa di update beserta nama si pemilik kendaraan,2
Pengguna Google,"trima kasih karena dengan adanya aplikasi ini saya bisa tau rincian yang harus di bayar, tidak seperti tahun2 sbelumnya saya bayar pajak tapi harga di surat dan di kantor Samsat jauh berbeda",5
Pengguna Google,"data saya tidak ada, appnya kurang bagus, mohon diperbaiki data base-nya,",1
Pengguna Google,tambakan NOMOR RANGKA dgn NOMOR MESIN lebih bagus lagi,5
Pengguna Google,mantap,5
Pengguna Google,Mantullll,5
Pengguna Google,sangat membantu,5
Pengguna Google,Good APP,5
Pengguna Google,Aplikasiny so bagus cuma klo bole dilengkapi juga dgn nama pemilik kendaraan..ğŸ‘ğŸ‘,5
Pengguna Google,"Sangat membantu sekali.. Selalu diupdate data""nya kalo bisa pembayaran lewat aplikasi juga pasti akan sangat membantu.. Manado maju..",5
Pengguna Google,"Belum terlalu lengkap, krna nama pemilik tidak ada.. jadi kasih 3 bintang saja..",3
Pengguna Google,Mantaaaap,5
Pengguna Google,Terima kasih Bapenda Sulut ğŸ‘ğŸ‘,4
Pengguna Google,Connection time out. why?,1
Pengguna Google,Mantab...,5
Pengguna Google,good,5
Pengguna Google,Baik.. Sangat baik.. Tapi alangkah baiknyaa pakai nama dan alamat atau STNK.. Disitu cmn tercantum plat nmor dan type.. Lebih bagusnya ada Nama..,5
Pengguna Google,Mantap lebih muda untuk membayar pajak,5
Pengguna Google,Sangat membantu,5
Pengguna Google,ok,5
Pengguna Google,Bagus,5
Pengguna Google,Wow mantap..mantaap..! Saya suka ini.,5
Pengguna Google,Good job,5
Pengguna Google,MantapğŸ‘,5
Pengguna Google,Sangat amat sangat membantu semua orang,5
Pengguna Google,Aplikasinya sangat membantu sekali. Sukses trs,5
Pengguna Google,Good,5
Pengguna Google,Bagus...bermanfaat..,5
Pengguna Google,Mantap,5
Pengguna Google,Luar biasa bagus sekali,5
Pengguna Google,Tidak bisa sama sekali,1
Pengguna Google,Mantap,5
Pengguna Google,bagus,5
Pengguna Google,Mantap,5
Pengguna Google,Kok uda gak timbul nama sama alamatnya,3
Pengguna Google,Sangat bermaanfaat,5
Pengguna Google,Coba dulu,2
Pengguna Google,"Mantap Samsat so lebe baik dari yg kemarin. Cma masih ada kelemahan2 yg hrs diperbaiki lg. Contohx utk loket bank sulut yg di kantor Samsat, cma bisa melayani pembayaran manual (diluar online/aplikasi). Utk pembayaran via aplikasi hrs lwt ktr cabang/unit bank Sulut. Petugas di ktr Samsat le rupa kurang semangat mo urus tu pajak klo torang bayar via aplikasi dan Bank, mungkin takurang sto dong p pemasukan.ğŸ˜ Dan klo pengurusan pajak bukan atas nama sendiri (beda nama stnk dan ktp) sering dipersulit,ğŸ˜¤",5
Pengguna Google,Good!!,4
Pengguna Google,Semoga lebih baik lagi,4
Pengguna Google,Makasih....karna sdh ada aplikasi ini...GBU,5
Pengguna Google,Tidak ada penipuan lagi,5
Pengguna Google,Mantap,5
Pengguna Google,"Aplikasi pendo,kudacuki.",1
Pengguna Google,Belum begitu lengkap dan akurat,3
Pengguna Google,Biar bisa tau pajak motor saya,5
Pengguna Google,Sangat membantu sekali,5
Pengguna Google,"Sayangnya untuk Tomohon belum bisa bayar online, langsung ke bank. Jadi masih harus berhadapan dengan praktek pungli... Sayangnye...",4
Pengguna Google,Mantap,5
Pengguna Google,Sangat membantu...!,5
Pengguna Google,Mantap,5
Pengguna Google,Good,4
Pengguna Google,akurat. cepat. tepat.. tx,5
Pengguna Google,Ta kasi 3 dulu klo bener2 sama dengan samsat hitunganya takasih 5 bintang oky,3
Pengguna Google,Bagus,5
Pengguna Google,"Bagus, lebih meringankan untuk cari tau data pajak..!! Salut Sulut!",4
Pengguna Google,Mantap,5
Pengguna Google,Suka. Jadi gak bisa di bodohi...,4
Pengguna Google,Bisa Melihat Pajak Yang Sudah Lewat,5
Pengguna Google,Mantap,5
Pengguna Google,Data not found,1
Pengguna Google,mantaaapp...,5
Pengguna Google,Sangat membantu,5
Pengguna Google,Mantap,4
Pengguna Google,Tiga aja dlu,3
Pengguna Google,Membantu,5
Pengguna Google,"Kode bayar bgusnya kase lia..karena klo bayar d bank ato internet Banking 
musti ada dia o kode bayar..",5
Pengguna Google,Sangat membantu,5
Pengguna Google,Ok,5
Pengguna Google,Mantap,5
Pengguna Google,Lbh transparran,5
Pengguna Google,Jelek ga bisa di pake,1
Pengguna Google,Empat cukup ya...,4
Pengguna Google,MantapğŸ‘ğŸ»ğŸ‘ğŸ»ğŸ‘ğŸ»,5
Pengguna Google,"Bagus, tapi pas mau cari Data buat kendaraan bermotor ga ketemu, padahal 
plat nomor nya sudah benar. Tolong bantuannya",5
Pengguna Google,"Tolong di lengkapi dgan nama pemilik, dan alamat.. Datanya harus di update 
tiap bln.. Ulasan ini di liat apa tidak.. Tolong di perhatikan kritik dan 
saran.. Semo samsat sulut lebih jaya..",3
Pengguna Google,Sangat baik & sangat membantu info pajak online ini ğŸ‘ğŸ‘ğŸ‘ğŸ‘ğŸ‘ğŸ‘,5
Pengguna Google,"Cukup membantu... Lbh mantap kalau Sudah Bisa Langsung melakukan pembayaran 
di aplikasiğŸ˜€ Lbh kembangkan Samsat Sulut GO... Mantap.",4
Pengguna Google,Kenapa data pajak motor tidak ada...,5
Pengguna Google,Lebih mudah dan aman,5
Pengguna Google,"Sangat membantu apalagi pas saya lagi di luar daerah, jadi bisa tau nilai 
pajaknya berapa... Jadi bisa di persiapkan uangnya.....",5
Pengguna Google,"Aplikasi yg sangat membantu,,mudah2an di samsat so nda ada pungutan liar.",5
Pengguna Google,Mantap. Sulut HEBAT,5
Pengguna Google,Mantap,5
Pengguna Google,mantap,5
Pengguna Google,"Informasinya reall, jdi udah tau biaya bayar pajaknya sekian",5
Pengguna Google,KB is blocked?,3
Pengguna Google,Aplikasi yang baik,5
Pengguna Google,Jago ni APK #Viralkan,5
Pengguna Google,Mantap jiwa...,5
Pengguna Google,Sukses,4
Pengguna Google,"Mantap skaliananğŸ‘ sangat membantu utk masyarakat supaya terhindar dari 
pungli ğŸ‘",5
Pengguna Google,Thanks Aplikasi ini sangat membantu.... Terus di update datanya...,5
Pengguna Google,tq,5
Pengguna Google,Mantappp,5
Pengguna Google,Lima bintyang for angko...,5
Pengguna Google,Aplikasi yg bagus.... Semakin Transparan Untuk Sulut Hebat....,5
Pengguna Google,Mantap noh ini aplikasi ğŸ‘ğŸ‘ğŸ‘ Sangat menbantu for yg mo bayar pajak mar doi pas-pas'san.,5
Pengguna Google,Mantap..,5
Pengguna Google,Mantap,4
Pengguna Google,Aplikasi cepet,1
Pengguna Google,Sangat membantu,5
Pengguna Google,Terima kasih sblumnya di ucapkan.  Solusi mudah utk mencari tau data pajak,4
Pengguna Google,"Hasilnya beda...  Cek aplikasi 3jtaan, setelah cek di Samsat cuman 299rbu  DB 2337 KM Mohon lebih di perbaiki aplikasinya... Terima Kasih",3
Pengguna Google,Sangatlah membantu masyarakat.. tq..,4
Pengguna Google,"Makasee lewat aplikasi ini qta baru sadar klo qt di tipu, bru bayar pajak dbyar 850 ribu nd tau cmn 368. Mohon pencerahannya",5
Pengguna Google,Mantappp,5
Pengguna Google,"Terima kasih Pemerintah Prov .Sulut atas inovasi ini ,sangat membantu agar masyarakat terbebas dri pungutan liar.good job",5
Pengguna Google,Very good,5
Pengguna Google,Sangat membantu,5
Pengguna Google,Very good,5
Pengguna Google,Mantap ..,5
Pengguna Google,Makasih... Sangat membantu sekali,5
Pengguna Google,Membantu sekali,5
Pengguna Google,Sangat membantu,5
Pengguna Google,good,5
Pengguna Google,Mantap muda mudahan tidak ada selisi,5
Pengguna Google,"Sangat membantu, pelayanan Samsat makin prima dan agar data pajak kendaraan agar lebih sinkron.",4
Pengguna Google,mantap,5
Pengguna Google,Mantap,5
Pengguna Google,Apakah data yg ada di sini bisa singkron dengan ada di kantor Samsat.. soalnya saya punya kendaraan total yg kemarin saya mau urus dengan yg saya cek beda jauh sekali 2kali lipat dengan yg ada di aplikasi ini... Padahal kendaraan saya tu sudah THN 1982,4
Pengguna Google,Sangat membantu....,1
Pengguna Google,Kereeen ğŸ‘ğŸ‘,5
Pengguna Google,Ok,4
Pengguna Google,belum di update data'x,5
Pengguna Google,Sulut hebatğŸ‘ğŸ‘ğŸ‘,5
Pengguna Google,Belum di update datanya,1
Pengguna Google,Kemudahan tuk masyarakat dgn info yg akurat...,5
Pengguna Google,"Gaga sx koman,. Gass poll Sulut",4
Pengguna Google,"Sangat membantu, tks dispenda sulut.mari viralkan.",5
Pengguna Google,Mantap jiwa,5
Pengguna Google,Sangat membantu,5
Pengguna Google,Terima kasih atas pelayanan kepada masyarakat Sulawesi Utara. Informasi kendaraan kami telah dekat hingga sampai genggaman smartphone kami.,5
Pengguna Google,Boleh,5
Pengguna Google,"Saran aja, msh banyak data kendaraan yg blm bisa di akses. Mohon di perbaiki",4
Pengguna Google,Bagus ğŸ‘,5
Pengguna Google,Sulut semakin Hebat OD-SK inovatif,5
Pengguna Google,Mantap,5
Pengguna Google,Mantap...,5
Pengguna Google,ğŸ˜ğŸ˜ğŸ˜ğŸ˜,5
Pengguna Google,Mantapp,5
Pengguna Google,sangat membantu.,5
Pengguna Google,Mantaaapp ğŸ‘,5
Pengguna Google,Sulut Hebat,5
Pengguna Google,The best,5
Pengguna Google,Luar biasa..,5
Pengguna Google,Bagus.. Ringan.. Sangat bermanfaat.. dengan ini kita bisa mempersiapkan dana jangan sampai kekurangan biaya saat membayar pajak di samsat.. mantap,5
Pengguna Google,Sangat bermanfaat bagi masyarakat Sulawesi UtarağŸ˜Š,5
Pengguna Google,"Keren, makin dimudahkan",4
Pengguna Google,Aplikasi ini sangat berguna untuk masyarakat prov sulut. Mantap,5
Pengguna Google,Awal yg baik,5
